tchiyr.m,tchiyr.sd
13.928571428571429,8.62473932153252
